{"chunk_definitions":[{"row":14,"row_count":1,"visible":true,"expansion_state":0,"options":{"engine":"r","include":false,"label":"unnamed-chunk-3","dev":"png"},"document_id":"9C7E0E75","chunk_id":"cp0u3s2uuwrpv","chunk_label":"unnamed-chunk-1"},{"row":18,"row_count":1,"visible":true,"expansion_state":0,"options":{"engine":"r","label":"setup","include":false,"dev":"png"},"document_id":"9C7E0E75","chunk_id":"csetup_chunk","chunk_label":"setup"},{"row":25,"row_count":1,"visible":true,"expansion_state":0,"options":{"engine":"r","label":"unnamed-chunk-2","dev":"png"},"document_id":"9C7E0E75","chunk_id":"c7eqd74jstofj","chunk_label":"unnamed-chunk-2"},{"row":40,"row_count":1,"visible":true,"expansion_state":0,"options":{"engine":"r","label":"load-data","dev":"png"},"document_id":"9C7E0E75","chunk_id":"ckz5b2duh5hgi","chunk_label":"load-data"}],"doc_write_time":1714768445}