"0","# Example usage"
"0","y <- Boston$medv"
"0","X <- Boston[, !names(Boston) %in% ""medv""]"
"0","pred<-ensemble_prediction(X, y, models = c(""linear"", ""lasso"", ""random_forest""))"
"0","print(pred)"
"1","function(y, X, model_type = ""random_forest"", family = NULL, lambda = NULL) {
"
"1","    # Placeholder implementation for demonstration
"
"1","    cat(""Training model with parameters:\n"")
"
"1","    cat(""y:"", y, ""\n"")
"
"1","    cat(""X:"", X, ""\n"")
"
"1","    cat(""model_type:"", model_type, ""\n"")
"
"1","    cat(""family:"", family, ""\n"")
"
"1","    cat(""lambda:"", lambda, ""\n"")
"
"1","  }
"
"1","<bytecode: 0x14dd3f078>
"
"1","<environment: 0x14dff09e8>
"
