{"chunk_definitions":[{"row":12,"row_count":1,"visible":true,"expansion_state":0,"options":{"engine":"r","label":"setup","include":false,"dev":"png"},"document_id":"C045FF9C","chunk_id":"csetup_chunk","chunk_label":"setup"},{"row":25,"row_count":1,"visible":true,"expansion_state":0,"options":{"engine":"r","label":"ensemble_prediction","eval":false,"dev":"png"},"document_id":"C045FF9C","chunk_id":"c3m1eylmza1e3","chunk_label":"ensemble_prediction"},{"row":42,"row_count":1,"visible":true,"expansion_state":0,"options":{"engine":"r","label":"load-data","dev":"png"},"document_id":"C045FF9C","chunk_id":"c532bv8b2kdy5","chunk_label":"load-data"},{"row":51,"row_count":1,"visible":true,"expansion_state":0,"options":{"engine":"r","label":"unnamed-chunk-2","dev":"png"},"document_id":"C045FF9C","chunk_id":"cmuxz76p3wcef","chunk_label":"unnamed-chunk-1"}],"doc_write_time":1714768311}