"0","ensemble_prediction <- function(X, y, models, weights = NULL) {"
"0","  trainmodel <- function(y, X, model_type = ""random_forest"", family = NULL, lambda = NULL) {"
"0","    # Placeholder implementation for demonstration"
"0","    cat(""Training model with parameters:\n"")"
"0","    cat(""y:"", y, ""\n"")"
"0","    cat(""X:"", X, ""\n"")"
"0","    cat(""model_type:"", model_type, ""\n"")"
"0","    cat(""family:"", family, ""\n"")"
"0","    cat(""lambda:"", lambda, ""\n"")"
"0","  }"
"0","  "
"0","}"
